incoming_path,decision,destination,rationale
.github/workflows/ci.yml,current supersedes incoming,.github/workflows/ci.yml,Preserve current validated CI/toolchain/tests for 4 grills/7 restaurants; research does not relax production gates
.gitignore,integrated/adapted,.gitignore,Dry-run and missing-art diagnostics; preserve strict approved-only registry
Assets/Art/ASSET_REGISTRY.csv,current supersedes incoming,Assets/Art/ASSET_REGISTRY.csv,"Later PRs #9–#14: canonical 244 approved sprites, registry, batches and final reviews"
Assets/Art/Backgrounds/bg_restaurant_churrascaria_bairro.png,current supersedes incoming,Assets/Art/Backgrounds/bg_restaurant_churrascaria_bairro.png,"Later PRs #9–#14: canonical 244 approved sprites, registry, batches and final reviews"
Assets/Art/Backgrounds/bg_restaurant_espetinho_rua.png,current supersedes incoming,Assets/Art/Backgrounds/bg_restaurant_espetinho_rua.png,"Later PRs #9–#14: canonical 244 approved sprites, registry, batches and final reviews"
Assets/Art/Backgrounds/bg_restaurant_trailer.png,current supersedes incoming,Assets/Art/Backgrounds/bg_restaurant_trailer.png,"Later PRs #9–#14: canonical 244 approved sprites, registry, batches and final reviews"
Assets/Art/Sprites/Food/spr_food_contra_file_burned.png,current supersedes incoming,Assets/Art/Sprites/Food/spr_food_contra_file_burned.png,"Later PRs #9–#14: canonical 244 approved sprites, registry, batches and final reviews"
Assets/Art/Sprites/Food/spr_food_contra_file_medium.png,current supersedes incoming,Assets/Art/Sprites/Food/spr_food_contra_file_medium.png,"Later PRs #9–#14: canonical 244 approved sprites, registry, batches and final reviews"
Assets/Art/Sprites/Food/spr_food_contra_file_rare.png,current supersedes incoming,Assets/Art/Sprites/Food/spr_food_contra_file_rare.png,"Later PRs #9–#14: canonical 244 approved sprites, registry, batches and final reviews"
Assets/Art/Sprites/Food/spr_food_contra_file_raw.png,current supersedes incoming,Assets/Art/Sprites/Food/spr_food_contra_file_raw.png,"Later PRs #9–#14: canonical 244 approved sprites, registry, batches and final reviews"
Assets/Art/Sprites/Food/spr_food_contra_file_served.png,current supersedes incoming,Assets/Art/Sprites/Food/spr_food_contra_file_served.png,"Later PRs #9–#14: canonical 244 approved sprites, registry, batches and final reviews"
Assets/Art/Sprites/Food/spr_food_contra_file_well.png,current supersedes incoming,Assets/Art/Sprites/Food/spr_food_contra_file_well.png,"Later PRs #9–#14: canonical 244 approved sprites, registry, batches and final reviews"
Assets/Art/Sprites/Food/spr_food_maminha_burned.png,current supersedes incoming,Assets/Art/Sprites/Food/spr_food_maminha_burned.png,"Later PRs #9–#14: canonical 244 approved sprites, registry, batches and final reviews"
Assets/Art/Sprites/Food/spr_food_maminha_medium.png,current supersedes incoming,Assets/Art/Sprites/Food/spr_food_maminha_medium.png,"Later PRs #9–#14: canonical 244 approved sprites, registry, batches and final reviews"
Assets/Art/Sprites/Food/spr_food_maminha_rare.png,current supersedes incoming,Assets/Art/Sprites/Food/spr_food_maminha_rare.png,"Later PRs #9–#14: canonical 244 approved sprites, registry, batches and final reviews"
Assets/Art/Sprites/Food/spr_food_maminha_raw.png,current supersedes incoming,Assets/Art/Sprites/Food/spr_food_maminha_raw.png,"Later PRs #9–#14: canonical 244 approved sprites, registry, batches and final reviews"
Assets/Art/Sprites/Food/spr_food_maminha_served.png,current supersedes incoming,Assets/Art/Sprites/Food/spr_food_maminha_served.png,"Later PRs #9–#14: canonical 244 approved sprites, registry, batches and final reviews"
Assets/Art/Sprites/Food/spr_food_maminha_well.png,current supersedes incoming,Assets/Art/Sprites/Food/spr_food_maminha_well.png,"Later PRs #9–#14: canonical 244 approved sprites, registry, batches and final reviews"
Assets/Art/Sprites/Grills/spr_grill_cozinha_do_campeao_evo1.png,historical archive,art/archive/pr7-pr8/Assets/Art/Sprites/Grills/spr_grill_cozinha_do_campeao_evo1.png,Unique intermediate assets/research preserved outside production manifests; no implicit art approval or tuning adoption
Assets/Art/Sprites/Grills/spr_grill_espeto_do_neno_evo1.png,historical archive,art/archive/pr7-pr8/Assets/Art/Sprites/Grills/spr_grill_espeto_do_neno_evo1.png,Unique intermediate assets/research preserved outside production manifests; no implicit art approval or tuning adoption
Assets/Art/Sprites/Grills/spr_grill_fogueira_no_chao_evo1.png,historical archive,art/archive/pr7-pr8/Assets/Art/Sprites/Grills/spr_grill_fogueira_no_chao_evo1.png,Unique intermediate assets/research preserved outside production manifests; no implicit art approval or tuning adoption
Assets/Art/Sprites/Grills/spr_grill_fornalha_da_orla_evo1.png,historical archive,art/archive/pr7-pr8/Assets/Art/Sprites/Grills/spr_grill_fornalha_da_orla_evo1.png,Unique intermediate assets/research preserved outside production manifests; no implicit art approval or tuning adoption
Assets/Art/Sprites/Grills/spr_grill_fornalha_dragao_manso_evo1.png,current supersedes incoming,Assets/Art/Sprites/Grills/spr_grill_fornalha_dragao_manso_evo1.png,"Later PRs #9–#14: canonical 244 approved sprites, registry, batches and final reviews"
Assets/Art/Sprites/Grills/spr_grill_fornalha_dragao_manso_evo2.png,current supersedes incoming,Assets/Art/Sprites/Grills/spr_grill_fornalha_dragao_manso_evo2.png,"Later PRs #9–#14: canonical 244 approved sprites, registry, batches and final reviews"
Assets/Art/Sprites/Grills/spr_grill_fornalha_dragao_manso_evo3.png,current supersedes incoming,Assets/Art/Sprites/Grills/spr_grill_fornalha_dragao_manso_evo3.png,"Later PRs #9–#14: canonical 244 approved sprites, registry, batches and final reviews"
Assets/Art/Sprites/Grills/spr_grill_grelha_de_praca_evo1.png,historical archive,art/archive/pr7-pr8/Assets/Art/Sprites/Grills/spr_grill_grelha_de_praca_evo1.png,Unique intermediate assets/research preserved outside production manifests; no implicit art approval or tuning adoption
Assets/Art/Sprites/Grills/spr_grill_parrilla_chef_cisma_evo1.png,current supersedes incoming,Assets/Art/Sprites/Grills/spr_grill_parrilla_chef_cisma_evo1.png,"Later PRs #9–#14: canonical 244 approved sprites, registry, batches and final reviews"
Assets/Art/Sprites/Grills/spr_grill_parrilla_chef_cisma_evo2.png,current supersedes incoming,Assets/Art/Sprites/Grills/spr_grill_parrilla_chef_cisma_evo2.png,"Later PRs #9–#14: canonical 244 approved sprites, registry, batches and final reviews"
Assets/Art/Sprites/Grills/spr_grill_parrilla_chef_cisma_evo3.png,current supersedes incoming,Assets/Art/Sprites/Grills/spr_grill_parrilla_chef_cisma_evo3.png,"Later PRs #9–#14: canonical 244 approved sprites, registry, batches and final reviews"
Assets/Art/Sprites/Grills/spr_grill_parrilla_do_cais_evo1.png,historical archive,art/archive/pr7-pr8/Assets/Art/Sprites/Grills/spr_grill_parrilla_do_cais_evo1.png,Unique intermediate assets/research preserved outside production manifests; no implicit art approval or tuning adoption
Assets/Art/Sprites/Grills/spr_grill_tambor_vertical_evo1.png,historical archive,art/archive/pr7-pr8/Assets/Art/Sprites/Grills/spr_grill_tambor_vertical_evo1.png,Unique intermediate assets/research preserved outside production manifests; no implicit art approval or tuning adoption
Assets/Art/Sprites/Grills/spr_grill_ze_da_esquina_evo1.png,current supersedes incoming,Assets/Art/Sprites/Grills/spr_grill_ze_da_esquina_evo1.png,"Later PRs #9–#14: canonical 244 approved sprites, registry, batches and final reviews"
Assets/Art/Sprites/Grills/spr_grill_ze_da_esquina_evo2.png,current supersedes incoming,Assets/Art/Sprites/Grills/spr_grill_ze_da_esquina_evo2.png,"Later PRs #9–#14: canonical 244 approved sprites, registry, batches and final reviews"
Assets/Art/Sprites/Grills/spr_grill_ze_da_esquina_evo3.png,current supersedes incoming,Assets/Art/Sprites/Grills/spr_grill_ze_da_esquina_evo3.png,"Later PRs #9–#14: canonical 244 approved sprites, registry, batches and final reviews"
Assets/Art/UI/Icons/ic_auto_refill.png,current supersedes incoming,Assets/Art/UI/Icons/ic_auto_refill.png,"Later PRs #9–#14: canonical 244 approved sprites, registry, batches and final reviews"
Assets/Art/UI/Icons/ic_board.png,current supersedes incoming,Assets/Art/UI/Icons/ic_board.png,"Later PRs #9–#14: canonical 244 approved sprites, registry, batches and final reviews"
Assets/Art/UI/Icons/ic_booster.png,current supersedes incoming,Assets/Art/UI/Icons/ic_booster.png,"Later PRs #9–#14: canonical 244 approved sprites, registry, batches and final reviews"
Assets/Art/UI/Icons/ic_charcoal.png,current supersedes incoming,Assets/Art/UI/Icons/ic_charcoal.png,"Later PRs #9–#14: canonical 244 approved sprites, registry, batches and final reviews"
Assets/Art/UI/Icons/ic_charcoal_quality.png,current supersedes incoming,Assets/Art/UI/Icons/ic_charcoal_quality.png,"Later PRs #9–#14: canonical 244 approved sprites, registry, batches and final reviews"
Assets/Art/UI/Icons/ic_check.png,current supersedes incoming,Assets/Art/UI/Icons/ic_check.png,"Later PRs #9–#14: canonical 244 approved sprites, registry, batches and final reviews"
Assets/Art/UI/Icons/ic_chest.png,current supersedes incoming,Assets/Art/UI/Icons/ic_chest.png,"Later PRs #9–#14: canonical 244 approved sprites, registry, batches and final reviews"
Assets/Art/UI/Icons/ic_clock.png,current supersedes incoming,Assets/Art/UI/Icons/ic_clock.png,"Later PRs #9–#14: canonical 244 approved sprites, registry, batches and final reviews"
Assets/Art/UI/Icons/ic_coin.png,current supersedes incoming,Assets/Art/UI/Icons/ic_coin.png,"Later PRs #9–#14: canonical 244 approved sprites, registry, batches and final reviews"
Assets/Art/UI/Icons/ic_ember.png,current supersedes incoming,Assets/Art/UI/Icons/ic_ember.png,"Later PRs #9–#14: canonical 244 approved sprites, registry, batches and final reviews"
Assets/Art/UI/Icons/ic_flame.png,current supersedes incoming,Assets/Art/UI/Icons/ic_flame.png,"Later PRs #9–#14: canonical 244 approved sprites, registry, batches and final reviews"
Assets/Art/UI/Icons/ic_grill_size.png,current supersedes incoming,Assets/Art/UI/Icons/ic_grill_size.png,"Later PRs #9–#14: canonical 244 approved sprites, registry, batches and final reviews"
Assets/Art/UI/Icons/ic_heat.png,current supersedes incoming,Assets/Art/UI/Icons/ic_heat.png,"Later PRs #9–#14: canonical 244 approved sprites, registry, batches and final reviews"
Assets/Art/UI/Icons/ic_knife.png,current supersedes incoming,Assets/Art/UI/Icons/ic_knife.png,"Later PRs #9–#14: canonical 244 approved sprites, registry, batches and final reviews"
Assets/Art/UI/Icons/ic_lock.png,current supersedes incoming,Assets/Art/UI/Icons/ic_lock.png,"Later PRs #9–#14: canonical 244 approved sprites, registry, batches and final reviews"
Assets/Art/UI/Icons/ic_speed.png,current supersedes incoming,Assets/Art/UI/Icons/ic_speed.png,"Later PRs #9–#14: canonical 244 approved sprites, registry, batches and final reviews"
Assets/Art/UI/Icons/ic_stability.png,current supersedes incoming,Assets/Art/UI/Icons/ic_stability.png,"Later PRs #9–#14: canonical 244 approved sprites, registry, batches and final reviews"
Assets/Art/UI/Icons/ic_star.png,current supersedes incoming,Assets/Art/UI/Icons/ic_star.png,"Later PRs #9–#14: canonical 244 approved sprites, registry, batches and final reviews"
Assets/Art/sprites.manifest.json,current supersedes incoming,Assets/Art/sprites.manifest.json,"Later PRs #9–#14: canonical 244 approved sprites, registry, batches and final reviews"
Assets/Data/ads.json,current supersedes incoming,Assets/Data/ads.json,"Later PRs #14–#17: canonical 4 grills/7 restaurants, A-01–A-06.4, save/offline/staff, current C# API and vectors; do not revert to pre-fix variant"
Assets/Data/analytics.json,current supersedes incoming,Assets/Data/analytics.json,"Later PRs #14–#17: canonical 4 grills/7 restaurants, A-01–A-06.4, save/offline/staff, current C# API and vectors; do not revert to pre-fix variant"
Assets/Data/churrasqueiras.json,current supersedes incoming,Assets/Data/churrasqueiras.json,"Later PRs #14–#17: canonical 4 grills/7 restaurants, A-01–A-06.4, save/offline/staff, current C# API and vectors; do not revert to pre-fix variant"
Assets/Data/economy.json,current supersedes incoming,Assets/Data/economy.json,"Later PRs #14–#17: canonical 4 grills/7 restaurants, A-01–A-06.4, save/offline/staff, current C# API and vectors; do not revert to pre-fix variant"
Assets/Data/grill.json,current supersedes incoming,Assets/Data/grill.json,"Later PRs #14–#17: canonical 4 grills/7 restaurants, A-01–A-06.4, save/offline/staff, current C# API and vectors; do not revert to pre-fix variant"
Assets/Data/iap.json,current supersedes incoming,Assets/Data/iap.json,"Later PRs #14–#17: canonical 4 grills/7 restaurants, A-01–A-06.4, save/offline/staff, current C# API and vectors; do not revert to pre-fix variant"
Assets/Data/manifest.json,current supersedes incoming,Assets/Data/manifest.json,"Later PRs #14–#17: canonical 4 grills/7 restaurants, A-01–A-06.4, save/offline/staff, current C# API and vectors; do not revert to pre-fix variant"
Assets/Data/restaurants.json,current supersedes incoming,Assets/Data/restaurants.json,"Later PRs #14–#17: canonical 4 grills/7 restaurants, A-01–A-06.4, save/offline/staff, current C# API and vectors; do not revert to pre-fix variant"
Assets/Scripts/Core/EconomyRules.cs,current supersedes incoming,Assets/Scripts/Core/EconomyRules.cs,"Later PRs #14–#17: canonical 4 grills/7 restaurants, A-01–A-06.4, save/offline/staff, current C# API and vectors; do not revert to pre-fix variant"
Assets/Scripts/Core/GameData.cs,current supersedes incoming,Assets/Scripts/Core/GameData.cs,"Later PRs #14–#17: canonical 4 grills/7 restaurants, A-01–A-06.4, save/offline/staff, current C# API and vectors; do not revert to pre-fix variant"
Assets/Scripts/Core/Generated/Churrasqueiras.g.cs,current supersedes incoming,Assets/Scripts/Core/Generated/Churrasqueiras.g.cs,"Later PRs #14–#17: canonical 4 grills/7 restaurants, A-01–A-06.4, save/offline/staff, current C# API and vectors; do not revert to pre-fix variant"
Assets/Scripts/Core/Generated/Grill.g.cs,current supersedes incoming,Assets/Scripts/Core/Generated/Grill.g.cs,"Later PRs #14–#17: canonical 4 grills/7 restaurants, A-01–A-06.4, save/offline/staff, current C# API and vectors; do not revert to pre-fix variant"
Assets/Scripts/Core/Rng.cs,current supersedes incoming,Assets/Scripts/Core/Rng.cs,"Later PRs #14–#17: canonical 4 grills/7 restaurants, A-01–A-06.4, save/offline/staff, current C# API and vectors; do not revert to pre-fix variant"
Assets/Scripts/Core/Rules.cs,current supersedes incoming,Assets/Scripts/Core/Rules.cs,"Later PRs #14–#17: canonical 4 grills/7 restaurants, A-01–A-06.4, save/offline/staff, current C# API and vectors; do not revert to pre-fix variant"
Assets/Scripts/Core/SkillPolicy.cs,current supersedes incoming,Assets/Scripts/Core/SkillPolicy.cs,"Later PRs #14–#17: canonical 4 grills/7 restaurants, A-01–A-06.4, save/offline/staff, current C# API and vectors; do not revert to pre-fix variant"
Assets/Scripts/Core/TurnSimulation.cs,current supersedes incoming,Assets/Scripts/Core/TurnSimulation.cs,"Later PRs #14–#17: canonical 4 grills/7 restaurants, A-01–A-06.4, save/offline/staff, current C# API and vectors; do not revert to pre-fix variant"
art/frozen-atlas.json,historical archive,art/archive/pr7-pr8/art/frozen-atlas.json,Unique intermediate assets/research preserved outside production manifests; no implicit art approval or tuning adoption
art/lote-04.json,current supersedes incoming,art/lote-04.json,"Later PRs #9–#14: canonical 244 approved sprites, registry, batches and final reviews"
art/lote-05-grills.json,historical archive,art/archive/pr7-pr8/art/lote-05-grills.json,Unique intermediate assets/research preserved outside production manifests; no implicit art approval or tuning adoption
art/lote-05.json,current supersedes incoming,art/lote-05.json,"Later PRs #9–#14: canonical 244 approved sprites, registry, batches and final reviews"
art/lote-06.json,current supersedes incoming,art/lote-06.json,"Later PRs #9–#14: canonical 244 approved sprites, registry, batches and final reviews"
art/lote-07.json,current supersedes incoming,art/lote-07.json,"Later PRs #9–#14: canonical 244 approved sprites, registry, batches and final reviews"
art/lote-08.json,current supersedes incoming,art/lote-08.json,"Later PRs #9–#14: canonical 244 approved sprites, registry, batches and final reviews"
art/lote-09.json,current supersedes incoming,art/lote-09.json,"Later PRs #9–#14: canonical 244 approved sprites, registry, batches and final reviews"
art/lote-10.json,current supersedes incoming,art/lote-10.json,"Later PRs #9–#14: canonical 244 approved sprites, registry, batches and final reviews"
art/lote-11.json,current supersedes incoming,art/lote-11.json,"Later PRs #9–#14: canonical 244 approved sprites, registry, batches and final reviews"
art/prompts/lote-04.md,current supersedes incoming,art/prompts/lote-04.md,"Later PRs #9–#14: canonical 244 approved sprites, registry, batches and final reviews"
art/prompts/lote-05.md,current supersedes incoming,art/prompts/lote-05.md,"Later PRs #9–#14: canonical 244 approved sprites, registry, batches and final reviews"
art/prompts/lote-06.md,current supersedes incoming,art/prompts/lote-06.md,"Later PRs #9–#14: canonical 244 approved sprites, registry, batches and final reviews"
art/prompts/lote-07.md,current supersedes incoming,art/prompts/lote-07.md,"Later PRs #9–#14: canonical 244 approved sprites, registry, batches and final reviews"
art/prompts/lote-08.md,current supersedes incoming,art/prompts/lote-08.md,"Later PRs #9–#14: canonical 244 approved sprites, registry, batches and final reviews"
art/prompts/lote-09.md,current supersedes incoming,art/prompts/lote-09.md,"Later PRs #9–#14: canonical 244 approved sprites, registry, batches and final reviews"
art/prompts/lote-10.md,current supersedes incoming,art/prompts/lote-10.md,"Later PRs #9–#14: canonical 244 approved sprites, registry, batches and final reviews"
art/prompts/lote-11.md,current supersedes incoming,art/prompts/lote-11.md,"Later PRs #9–#14: canonical 244 approved sprites, registry, batches and final reviews"
art/review/lote-04-preview.jpg,current supersedes incoming,art/review/lote-04-preview.jpg,"Later PRs #9–#14: canonical 244 approved sprites, registry, batches and final reviews"
art/review/lote-04.jpg,current supersedes incoming,art/review/lote-04.jpg,"Later PRs #9–#14: canonical 244 approved sprites, registry, batches and final reviews"
art/review/lote-05-preview.jpg,current supersedes incoming,art/review/lote-05-preview.jpg,"Later PRs #9–#14: canonical 244 approved sprites, registry, batches and final reviews"
art/review/lote-05.jpg,current supersedes incoming,art/review/lote-05.jpg,"Later PRs #9–#14: canonical 244 approved sprites, registry, batches and final reviews"
art/review/lote-06-preview.jpg,current supersedes incoming,art/review/lote-06-preview.jpg,"Later PRs #9–#14: canonical 244 approved sprites, registry, batches and final reviews"
art/review/lote-06.jpg,current supersedes incoming,art/review/lote-06.jpg,"Later PRs #9–#14: canonical 244 approved sprites, registry, batches and final reviews"
art/review/lote-07-preview.jpg,current supersedes incoming,art/review/lote-07-preview.jpg,"Later PRs #9–#14: canonical 244 approved sprites, registry, batches and final reviews"
art/review/lote-07.jpg,current supersedes incoming,art/review/lote-07.jpg,"Later PRs #9–#14: canonical 244 approved sprites, registry, batches and final reviews"
art/review/lote-08-preview.jpg,current supersedes incoming,art/review/lote-08-preview.jpg,"Later PRs #9–#14: canonical 244 approved sprites, registry, batches and final reviews"
art/review/lote-08.jpg,current supersedes incoming,art/review/lote-08.jpg,"Later PRs #9–#14: canonical 244 approved sprites, registry, batches and final reviews"
art/review/lote-09-preview.jpg,current supersedes incoming,art/review/lote-09-preview.jpg,"Later PRs #9–#14: canonical 244 approved sprites, registry, batches and final reviews"
art/review/lote-09.jpg,current supersedes incoming,art/review/lote-09.jpg,"Later PRs #9–#14: canonical 244 approved sprites, registry, batches and final reviews"
art/review/lote-10-preview.jpg,current supersedes incoming,art/review/lote-10-preview.jpg,"Later PRs #9–#14: canonical 244 approved sprites, registry, batches and final reviews"
art/review/lote-10.jpg,current supersedes incoming,art/review/lote-10.jpg,"Later PRs #9–#14: canonical 244 approved sprites, registry, batches and final reviews"
art/review/lote-11-preview.jpg,current supersedes incoming,art/review/lote-11-preview.jpg,"Later PRs #9–#14: canonical 244 approved sprites, registry, batches and final reviews"
art/review/lote-11.jpg,current supersedes incoming,art/review/lote-11.jpg,"Later PRs #9–#14: canonical 244 approved sprites, registry, batches and final reviews"
docs/04-ART_STYLE.md,current supersedes incoming,docs/04-ART_STYLE.md,Current documentation/audit supersedes earlier tuning and incomplete-art status; old version remains in merge parent
docs/06-ECONOMY.md,current supersedes incoming,docs/06-ECONOMY.md,Current documentation/audit supersedes earlier tuning and incomplete-art status; old version remains in merge parent
docs/07-MONETIZATION.md,current supersedes incoming,docs/07-MONETIZATION.md,Current documentation/audit supersedes earlier tuning and incomplete-art status; old version remains in merge parent
docs/18-STATUS.md,current supersedes incoming,docs/18-STATUS.md,Current documentation/audit supersedes earlier tuning and incomplete-art status; old version remains in merge parent
docs/22-ARTE_2D_PLANO.md,current supersedes incoming,docs/22-ARTE_2D_PLANO.md,Current documentation/audit supersedes earlier tuning and incomplete-art status; old version remains in merge parent
docs/23-PROGRESSAO_10_BRASAS.md,historical archive,docs/research/pr7-pr8/23-PROGRESSAO_10_BRASAS.md,Unique intermediate assets/research preserved outside production manifests; no implicit art approval or tuning adoption
docs/24-COMANDAS_SOPRADOR_E_BRASA.md,historical archive,docs/research/pr7-pr8/24-COMANDAS_SOPRADOR_E_BRASA.md,Unique intermediate assets/research preserved outside production manifests; no implicit art approval or tuning adoption
docs/25-RETENCAO_D0_D30.md,historical archive,docs/research/pr7-pr8/25-RETENCAO_D0_D30.md,Unique intermediate assets/research preserved outside production manifests; no implicit art approval or tuning adoption
package-lock.json,current supersedes incoming,package-lock.json,Preserve current validated CI/toolchain/tests for 4 grills/7 restaurants; research does not relax production gates
package.json,integrated/adapted,package.json,Keep current versions and 15 gates; expose additive authoring/research commands only
prototype/assets/art/bg_restaurant_churrascaria_bairro.webp,current supersedes incoming,prototype/assets/art/bg_restaurant_churrascaria_bairro.webp,"Later PRs #9–#14: canonical 244 approved sprites, registry, batches and final reviews"
prototype/assets/art/bg_restaurant_espetinho_rua.webp,current supersedes incoming,prototype/assets/art/bg_restaurant_espetinho_rua.webp,"Later PRs #9–#14: canonical 244 approved sprites, registry, batches and final reviews"
prototype/assets/art/bg_restaurant_trailer.webp,current supersedes incoming,prototype/assets/art/bg_restaurant_trailer.webp,"Later PRs #9–#14: canonical 244 approved sprites, registry, batches and final reviews"
prototype/assets/art/ic_auto_refill.webp,current supersedes incoming,prototype/assets/art/ic_auto_refill.webp,"Later PRs #9–#14: canonical 244 approved sprites, registry, batches and final reviews"
prototype/assets/art/ic_board.webp,current supersedes incoming,prototype/assets/art/ic_board.webp,"Later PRs #9–#14: canonical 244 approved sprites, registry, batches and final reviews"
prototype/assets/art/ic_booster.webp,current supersedes incoming,prototype/assets/art/ic_booster.webp,"Later PRs #9–#14: canonical 244 approved sprites, registry, batches and final reviews"
prototype/assets/art/ic_charcoal.webp,current supersedes incoming,prototype/assets/art/ic_charcoal.webp,"Later PRs #9–#14: canonical 244 approved sprites, registry, batches and final reviews"
prototype/assets/art/ic_charcoal_quality.webp,current supersedes incoming,prototype/assets/art/ic_charcoal_quality.webp,"Later PRs #9–#14: canonical 244 approved sprites, registry, batches and final reviews"
prototype/assets/art/ic_check.webp,current supersedes incoming,prototype/assets/art/ic_check.webp,"Later PRs #9–#14: canonical 244 approved sprites, registry, batches and final reviews"
prototype/assets/art/ic_chest.webp,current supersedes incoming,prototype/assets/art/ic_chest.webp,"Later PRs #9–#14: canonical 244 approved sprites, registry, batches and final reviews"
prototype/assets/art/ic_clock.webp,current supersedes incoming,prototype/assets/art/ic_clock.webp,"Later PRs #9–#14: canonical 244 approved sprites, registry, batches and final reviews"
prototype/assets/art/ic_coin.webp,current supersedes incoming,prototype/assets/art/ic_coin.webp,"Later PRs #9–#14: canonical 244 approved sprites, registry, batches and final reviews"
prototype/assets/art/ic_ember.webp,current supersedes incoming,prototype/assets/art/ic_ember.webp,"Later PRs #9–#14: canonical 244 approved sprites, registry, batches and final reviews"
prototype/assets/art/ic_flame.webp,current supersedes incoming,prototype/assets/art/ic_flame.webp,"Later PRs #9–#14: canonical 244 approved sprites, registry, batches and final reviews"
prototype/assets/art/ic_grill_size.webp,current supersedes incoming,prototype/assets/art/ic_grill_size.webp,"Later PRs #9–#14: canonical 244 approved sprites, registry, batches and final reviews"
prototype/assets/art/ic_heat.webp,current supersedes incoming,prototype/assets/art/ic_heat.webp,"Later PRs #9–#14: canonical 244 approved sprites, registry, batches and final reviews"
prototype/assets/art/ic_knife.webp,current supersedes incoming,prototype/assets/art/ic_knife.webp,"Later PRs #9–#14: canonical 244 approved sprites, registry, batches and final reviews"
prototype/assets/art/ic_lock.webp,current supersedes incoming,prototype/assets/art/ic_lock.webp,"Later PRs #9–#14: canonical 244 approved sprites, registry, batches and final reviews"
prototype/assets/art/ic_speed.webp,current supersedes incoming,prototype/assets/art/ic_speed.webp,"Later PRs #9–#14: canonical 244 approved sprites, registry, batches and final reviews"
prototype/assets/art/ic_stability.webp,current supersedes incoming,prototype/assets/art/ic_stability.webp,"Later PRs #9–#14: canonical 244 approved sprites, registry, batches and final reviews"
prototype/assets/art/ic_star.webp,current supersedes incoming,prototype/assets/art/ic_star.webp,"Later PRs #9–#14: canonical 244 approved sprites, registry, batches and final reviews"
prototype/assets/art/index.json,current supersedes incoming,prototype/assets/art/index.json,"Later PRs #9–#14: canonical 244 approved sprites, registry, batches and final reviews"
prototype/assets/art/spr_food_contra_file_burned.webp,current supersedes incoming,prototype/assets/art/spr_food_contra_file_burned.webp,"Later PRs #9–#14: canonical 244 approved sprites, registry, batches and final reviews"
prototype/assets/art/spr_food_contra_file_medium.webp,current supersedes incoming,prototype/assets/art/spr_food_contra_file_medium.webp,"Later PRs #9–#14: canonical 244 approved sprites, registry, batches and final reviews"
prototype/assets/art/spr_food_contra_file_rare.webp,current supersedes incoming,prototype/assets/art/spr_food_contra_file_rare.webp,"Later PRs #9–#14: canonical 244 approved sprites, registry, batches and final reviews"
prototype/assets/art/spr_food_contra_file_raw.webp,current supersedes incoming,prototype/assets/art/spr_food_contra_file_raw.webp,"Later PRs #9–#14: canonical 244 approved sprites, registry, batches and final reviews"
prototype/assets/art/spr_food_contra_file_served.webp,current supersedes incoming,prototype/assets/art/spr_food_contra_file_served.webp,"Later PRs #9–#14: canonical 244 approved sprites, registry, batches and final reviews"
prototype/assets/art/spr_food_contra_file_well.webp,current supersedes incoming,prototype/assets/art/spr_food_contra_file_well.webp,"Later PRs #9–#14: canonical 244 approved sprites, registry, batches and final reviews"
prototype/assets/art/spr_grill_cozinha_do_campeao_evo1.webp,historical archive,art/archive/pr7-pr8/prototype/assets/art/spr_grill_cozinha_do_campeao_evo1.webp,Unique intermediate assets/research preserved outside production manifests; no implicit art approval or tuning adoption
prototype/assets/art/spr_grill_espeto_do_neno_evo1.webp,historical archive,art/archive/pr7-pr8/prototype/assets/art/spr_grill_espeto_do_neno_evo1.webp,Unique intermediate assets/research preserved outside production manifests; no implicit art approval or tuning adoption
prototype/assets/art/spr_grill_fornalha_da_orla_evo1.webp,historical archive,art/archive/pr7-pr8/prototype/assets/art/spr_grill_fornalha_da_orla_evo1.webp,Unique intermediate assets/research preserved outside production manifests; no implicit art approval or tuning adoption
prototype/assets/art/spr_grill_fornalha_dragao_manso_evo1.webp,current supersedes incoming,prototype/assets/art/spr_grill_fornalha_dragao_manso_evo1.webp,"Later PRs #9–#14: canonical 244 approved sprites, registry, batches and final reviews"
prototype/assets/art/spr_grill_grelha_de_praca_evo1.webp,historical archive,art/archive/pr7-pr8/prototype/assets/art/spr_grill_grelha_de_praca_evo1.webp,Unique intermediate assets/research preserved outside production manifests; no implicit art approval or tuning adoption
prototype/assets/art/spr_grill_parrilla_chef_cisma_evo1.webp,current supersedes incoming,prototype/assets/art/spr_grill_parrilla_chef_cisma_evo1.webp,"Later PRs #9–#14: canonical 244 approved sprites, registry, batches and final reviews"
prototype/assets/art/spr_grill_parrilla_do_cais_evo1.webp,historical archive,art/archive/pr7-pr8/prototype/assets/art/spr_grill_parrilla_do_cais_evo1.webp,Unique intermediate assets/research preserved outside production manifests; no implicit art approval or tuning adoption
prototype/assets/art/spr_grill_tambor_vertical_evo1.webp,historical archive,art/archive/pr7-pr8/prototype/assets/art/spr_grill_tambor_vertical_evo1.webp,Unique intermediate assets/research preserved outside production manifests; no implicit art approval or tuning adoption
prototype/assets/art/spr_grill_ze_da_esquina_evo1.webp,current supersedes incoming,prototype/assets/art/spr_grill_ze_da_esquina_evo1.webp,"Later PRs #9–#14: canonical 244 approved sprites, registry, batches and final reviews"
prototype/shoot.mjs,current supersedes incoming,prototype/shoot.mjs,"Later PRs #14–#17: canonical 4 grills/7 restaurants, A-01–A-06.4, save/offline/staff, current C# API and vectors; do not revert to pre-fix variant"
prototype/src/main.ts,current supersedes incoming,prototype/src/main.ts,"Later PRs #14–#17: canonical 4 grills/7 restaurants, A-01–A-06.4, save/offline/staff, current C# API and vectors; do not revert to pre-fix variant"
shared/data/ads.json,current supersedes incoming,shared/data/ads.json,"Later PRs #14–#17: canonical 4 grills/7 restaurants, A-01–A-06.4, save/offline/staff, current C# API and vectors; do not revert to pre-fix variant"
shared/data/analytics.json,current supersedes incoming,shared/data/analytics.json,"Later PRs #14–#17: canonical 4 grills/7 restaurants, A-01–A-06.4, save/offline/staff, current C# API and vectors; do not revert to pre-fix variant"
shared/data/churrasqueiras.json,current supersedes incoming,shared/data/churrasqueiras.json,"Later PRs #14–#17: canonical 4 grills/7 restaurants, A-01–A-06.4, save/offline/staff, current C# API and vectors; do not revert to pre-fix variant"
shared/data/economy.json,current supersedes incoming,shared/data/economy.json,"Later PRs #14–#17: canonical 4 grills/7 restaurants, A-01–A-06.4, save/offline/staff, current C# API and vectors; do not revert to pre-fix variant"
shared/data/grill.json,current supersedes incoming,shared/data/grill.json,"Later PRs #14–#17: canonical 4 grills/7 restaurants, A-01–A-06.4, save/offline/staff, current C# API and vectors; do not revert to pre-fix variant"
shared/data/iap.json,current supersedes incoming,shared/data/iap.json,"Later PRs #14–#17: canonical 4 grills/7 restaurants, A-01–A-06.4, save/offline/staff, current C# API and vectors; do not revert to pre-fix variant"
shared/data/restaurants.json,current supersedes incoming,shared/data/restaurants.json,"Later PRs #14–#17: canonical 4 grills/7 restaurants, A-01–A-06.4, save/offline/staff, current C# API and vectors; do not revert to pre-fix variant"
shared/l10n/pt-BR.json,current supersedes incoming,shared/l10n/pt-BR.json,"Later PRs #14–#17: canonical 4 grills/7 restaurants, A-01–A-06.4, save/offline/staff, current C# API and vectors; do not revert to pre-fix variant"
shared/schema/analytics.schema.json,current supersedes incoming,shared/schema/analytics.schema.json,"Later PRs #14–#17: canonical 4 grills/7 restaurants, A-01–A-06.4, save/offline/staff, current C# API and vectors; do not revert to pre-fix variant"
shared/schema/churrasqueiras.schema.json,current supersedes incoming,shared/schema/churrasqueiras.schema.json,"Later PRs #14–#17: canonical 4 grills/7 restaurants, A-01–A-06.4, save/offline/staff, current C# API and vectors; do not revert to pre-fix variant"
shared/schema/economy.schema.json,current supersedes incoming,shared/schema/economy.schema.json,"Later PRs #14–#17: canonical 4 grills/7 restaurants, A-01–A-06.4, save/offline/staff, current C# API and vectors; do not revert to pre-fix variant"
shared/schema/grill.schema.json,current supersedes incoming,shared/schema/grill.schema.json,"Later PRs #14–#17: canonical 4 grills/7 restaurants, A-01–A-06.4, save/offline/staff, current C# API and vectors; do not revert to pre-fix variant"
shared/schema/restaurants.schema.json,current supersedes incoming,shared/schema/restaurants.schema.json,"Later PRs #14–#17: canonical 4 grills/7 restaurants, A-01–A-06.4, save/offline/staff, current C# API and vectors; do not revert to pre-fix variant"
tools/art/build-runtime.mjs,integrated/adapted,tools/art/build-runtime.mjs,Dry-run and missing-art diagnostics; preserve strict approved-only registry
tools/art/check-art-registry.mjs,integrated/adapted,tools/art/check-art-registry.mjs,Authoring/research utilities; isolated from runtime tuning and approved-art decisions
tools/art/check-grill-geometry.mjs,integrated/adapted,tools/art/check-grill-geometry.mjs,Authoring/research utilities; isolated from runtime tuning and approved-art decisions
tools/art/conform-mouth.mjs,historical archive,docs/research/pr7-pr8/conform-mouth.mjs.txt,Unique intermediate assets/research preserved outside production manifests; no implicit art approval or tuning adoption
tools/art/grill-geometry.d.mts,integrated/adapted,tools/art/grill-geometry.d.mts,Authoring/research utilities; isolated from runtime tuning and approved-art decisions
tools/art/grill-geometry.mjs,integrated/adapted,tools/art/grill-geometry.mjs,Authoring/research utilities; isolated from runtime tuning and approved-art decisions
tools/art/make-ref.mjs,integrated/adapted,tools/art/make-ref.mjs;tools/art/make-grill-guide.mjs,Keep legacy grid/single/grill-guide API; add standalone proposed-layout generator with overwrite guards
tools/art/process-sprites.mjs,current supersedes incoming,tools/art/process-sprites.mjs,Preserve current approval/registry contract; new guide functionality integrated separately
tools/art/review-sheet.mjs,current supersedes incoming,tools/art/review-sheet.mjs,Preserve current approval/registry contract; new guide functionality integrated separately
tools/art/set-status.mjs,current supersedes incoming,tools/art/set-status.mjs,Preserve current approval/registry contract; new guide functionality integrated separately
tools/csharp/parity/Program.cs,current supersedes incoming,tools/csharp/parity/Program.cs,"Later PRs #14–#17: canonical 4 grills/7 restaurants, A-01–A-06.4, save/offline/staff, current C# API and vectors; do not revert to pre-fix variant"
tools/golden/tutorial-vectors.json,current supersedes incoming,tools/golden/tutorial-vectors.json,"Later PRs #14–#17: canonical 4 grills/7 restaurants, A-01–A-06.4, save/offline/staff, current C# API and vectors; do not revert to pre-fix variant"
tools/golden/vectors.json,current supersedes incoming,tools/golden/vectors.json,"Later PRs #14–#17: canonical 4 grills/7 restaurants, A-01–A-06.4, save/offline/staff, current C# API and vectors; do not revert to pre-fix variant"
tools/sim-core/src/cooking.ts,current supersedes incoming,tools/sim-core/src/cooking.ts,"Later PRs #14–#17: canonical 4 grills/7 restaurants, A-01–A-06.4, save/offline/staff, current C# API and vectors; do not revert to pre-fix variant"
tools/sim-core/src/data.ts,current supersedes incoming,tools/sim-core/src/data.ts,"Later PRs #14–#17: canonical 4 grills/7 restaurants, A-01–A-06.4, save/offline/staff, current C# API and vectors; do not revert to pre-fix variant"
tools/sim-core/src/economy.ts,current supersedes incoming,tools/sim-core/src/economy.ts,"Later PRs #14–#17: canonical 4 grills/7 restaurants, A-01–A-06.4, save/offline/staff, current C# API and vectors; do not revert to pre-fix variant"
tools/sim-core/src/grill-art.ts,integrated/adapted,tools/art/grill-layout.ts,Authoring/research utilities; isolated from runtime tuning and approved-art decisions
tools/sim-core/src/save.ts,current supersedes incoming,tools/sim-core/src/save.ts,"Later PRs #14–#17: canonical 4 grills/7 restaurants, A-01–A-06.4, save/offline/staff, current C# API and vectors; do not revert to pre-fix variant"
tools/sim-core/src/turn.ts,current supersedes incoming,tools/sim-core/src/turn.ts,"Later PRs #14–#17: canonical 4 grills/7 restaurants, A-01–A-06.4, save/offline/staff, current C# API and vectors; do not revert to pre-fix variant"
tools/sim-core/src/types.ts,current supersedes incoming,tools/sim-core/src/types.ts,"Later PRs #14–#17: canonical 4 grills/7 restaurants, A-01–A-06.4, save/offline/staff, current C# API and vectors; do not revert to pre-fix variant"
tools/studio/gen-vectors.ts,current supersedes incoming,tools/studio/gen-vectors.ts,Preserve current validated CI/toolchain/tests for 4 grills/7 restaurants; research does not relax production gates
tools/studio/probe-monetization.ts,integrated/adapted,tools/studio/probe-monetization.ts,Authoring/research utilities; isolated from runtime tuning and approved-art decisions
tools/studio/run-gates.mjs,current supersedes incoming,tools/studio/run-gates.mjs,Preserve current validated CI/toolchain/tests for 4 grills/7 restaurants; research does not relax production gates
tools/studio/run-sim.ts,current supersedes incoming,tools/studio/run-sim.ts,Preserve current validated CI/toolchain/tests for 4 grills/7 restaurants; research does not relax production gates
tools/studio/test/churrasqueira.test.ts,current supersedes incoming,tools/studio/test/churrasqueira.test.ts,Preserve current validated CI/toolchain/tests for 4 grills/7 restaurants; research does not relax production gates
tools/studio/test/data.test.ts,current supersedes incoming,tools/studio/test/data.test.ts,Preserve current validated CI/toolchain/tests for 4 grills/7 restaurants; research does not relax production gates
tools/studio/test/economy.test.ts,current supersedes incoming,tools/studio/test/economy.test.ts,Preserve current validated CI/toolchain/tests for 4 grills/7 restaurants; research does not relax production gates
tools/studio/test/gates.test.ts,current supersedes incoming,tools/studio/test/gates.test.ts,Preserve current validated CI/toolchain/tests for 4 grills/7 restaurants; research does not relax production gates
tools/studio/test/grill-art.test.ts,integrated/adapted,tools/studio/test/grill-art.test.ts,Authoring/research utilities; isolated from runtime tuning and approved-art decisions
tools/studio/test/l10n.test.ts,current supersedes incoming,tools/studio/test/l10n.test.ts,Preserve current validated CI/toolchain/tests for 4 grills/7 restaurants; research does not relax production gates
tools/studio/test/monetization.test.ts,current supersedes incoming,tools/studio/test/monetization.test.ts,Preserve current validated CI/toolchain/tests for 4 grills/7 restaurants; research does not relax production gates
tools/studio/test/sim-grill.test.ts,current supersedes incoming,tools/studio/test/sim-grill.test.ts,Preserve current validated CI/toolchain/tests for 4 grills/7 restaurants; research does not relax production gates
tools/studio/validate-data.ts,current supersedes incoming,tools/studio/validate-data.ts,Preserve current validated CI/toolchain/tests for 4 grills/7 restaurants; research does not relax production gates
